,anpr_type,avg_detect_time,avg_read_time,avg_box,use_gpu
0,yolov8_easyocr,0.08119338698195289,0.034601540981962824,1.083415112855741,True
1,yolov8_paddleocr,0.08777752872538169,0.032225956743668994,1.083415112855741,True
2,rtdetr_easyocr,0.08422949433443708,0.03484810931174865,1.083415112855741,True
3,rtdetr_paddleocr,0.0851054154153661,0.030265903098543444,1.083415112855741,True
